<?xml version="1.0" encoding="UTF-8"?>

<beans xmlns="http://www.springframework.org/schema/beans"
       xmlns:xsi="http://www.w3.org/2001/XMLSchema-instance"
       xsi:schemaLocation="http://www.springframework.org/schema/beans 
    http://www.springframework.org/schema/beans/spring-beans.xsd" default-init-method="ginit" default-destroy-method="gdestroy">
    <!-- when initialization happens spring will look if any class here implements BeanPostProcessor so that it will invoke that -->
<bean id="dataSource" class="org.springframework.jdbc.datasource.DriverManagerDataSource">
<property name="url" value="jdbc:oracle:thin:@192.169.1.79:1521:Training"></property>
<property name="username" value="user12"></property>
<property name="password" value="user12"></property>
<property name="driverClassName" value="oracle.jdbc.driver.OracleDriver"></property>
</bean>


<bean id="employeeDaoTemplate"
      class="com.training.dao.EmployeeDAO" autowire="byName"></bean>

</beans>