<?xml version="1.0" encoding="UTF-8"?>

<beans xmlns="http://www.springframework.org/schema/beans"
	xmlns:xsi="http://www.w3.org/2001/XMLSchema-instance" 
	xmlns:context="http://www.springframework.org/schema/context"
	xsi:schemaLocation="http://www.springframework.org/schema/beans http://www.springframework.org/schema/beans/spring-beans-3.0.xsd http://www.springframework.org/schema/context http://www.springframework.org/schema/context/spring-context-3.0.xsd">
    <!-- when initialization happens spring will look if any class here implements BeanPostProcessor so that it will invoke that -->
    
    
    <context:annotation-config/>
     <bean id="helloWorld" class="com.training.messageResource.HelloWorld">
     <property name="greeting" value="Bhawana"></property>
      <property name="message" value="Are you doing well?"></property>
     </bean>
     
     
     
     <bean id="messageSource"
     class="org.springframework.context.support.ResourceBundleMessageSource">
       <property name="basenames">
          <list>
             <!-- dont give properties -->
             <value>myMessage</value>
          </list>
       </property>
     </bean>
    

</beans>