<?xml version="1.0" encoding="UTF-8"?>

<beans xmlns="http://www.springframework.org/schema/beans"
	xmlns:xsi="http://www.w3.org/2001/XMLSchema-instance" 
	xmlns:context="http://www.springframework.org/schema/context"
	xsi:schemaLocation="http://www.springframework.org/schema/beans http://www.springframework.org/schema/beans/spring-beans-3.0.xsd http://www.springframework.org/schema/context http://www.springframework.org/schema/context/spring-context-3.0.xsd">
    <!-- when initialization happens spring will look if any class here implements BeanPostProcessor so that it will invoke that -->
    
    
    <context:annotation-config/>
    <context:component-scan base-package="com.training.autowire"></context:component-scan>
    
    
    
      <!-- property configuration goes here -->
    
    <bean class="org.springframework.beans.factory.config.PropertyPlaceholderConfigurer">
    <property name="location">
    <value>mobile-info.properties</value></property>
    </bean>
     <bean id="mobile"  class="com.training.autowire.Mobile" autowire="byName">
  
    </bean>
    

</beans>